number_of_companions,like_rate,n
2 people,0.5184287099903007,2062
1 person,0.5169274537695591,7030
3 people,0.5131707317073171,1025
4 or more people,0.5119617224880383,1254
