used_airport_before_last_12_months,like_rate,n
No,0.5270200276243094,11584
Not applicable,0.5147950971895505,24231
Yes,0.4385488513550209,18413
