number_of_companions,mean_resid,n
2 people,0.029769869362921298,2062
4 or more people,0.023112168850529226,1254
3 people,0.011528774417037473,1025
1 person,0.004306182559237654,7030
