nationality,like_rate,n
Foreign,0.5894160583941606,1644
Brazilian,0.4973688920708788,55870
