gender,like_rate,n
Male,0.5005712307426,28885
Female,0.4994236613224353,28629
