used_airport_before_last_12_months,mean_resid,n
Yes,0.006978531536001738,18413
No,0.0016213372971319146,11584
Not applicable,-0.014677341891883551,24231
