traveling_alone,like_rate,n
No,0.5163134288980741,11371
Yes,0.47517342095655346,21912
