traveling_alone,mean_resid,n
No,0.011648719332847725,11371
Yes,0.010141884625745194,21912
