nationality,mean_resid,n
Foreign,0.03063231836164032,1644
Brazilian,-0.0009185544892720043,55870
