gender,mean_resid,n
Male,0.000488828347461354,28885
Female,-0.0005267356437707014,28629
